forecast_origin_utc,valid_time_utc,lead_hours,power_1_catboost,power_2_catboost,power_1_empirical_curve,power_2_empirical_curve,power_1_training_mean,power_2_training_mean
2026-01-31 18:00:00+00:00,2026-01-31 19:00:00+00:00,1,0.009944233829088323,0.008803932066321574,0.009998505440305937,0.009987947088760217,0.3736853865525423,0.36829703959695215
2026-01-31 18:00:00+00:00,2026-01-31 20:00:00+00:00,2,0.009944233829088323,0.009032147302360627,0.00997765124191914,0.009871709411758493,0.3736853865525423,0.36829703959695215
2026-01-31 18:00:00+00:00,2026-01-31 21:00:00+00:00,3,0.009262704755030104,0.007885755094851565,0.013356724702162573,0.011822133914916924,0.3736853865525423,0.36829703959695215
2026-01-31 18:00:00+00:00,2026-01-31 22:00:00+00:00,4,0.015973183859351203,0.010825958005532321,0.043279424377493936,0.03854690896644096,0.3736853865525423,0.36829703959695215
2026-01-31 18:00:00+00:00,2026-01-31 23:00:00+00:00,5,0.04041997328609065,0.028036517444494535,0.08515716843076256,0.07906003128260873,0.3736853865525423,0.36829703959695215
2026-01-31 18:00:00+00:00,2026-02-01 00:00:00+00:00,6,0.10679207284648207,0.080090154025731,0.143584141631683,0.13291418405573563,0.3736853865525423,0.36829703959695215
2026-01-31 18:00:00+00:00,2026-02-01 01:00:00+00:00,7,0.12918925830890743,0.10511458666915224,0.17267039095936057,0.1599585844587881,0.3736853865525423,0.36829703959695215
2026-01-31 18:00:00+00:00,2026-02-01 02:00:00+00:00,8,0.14731335748111837,0.12055994930951552,0.18565430615565245,0.1727591722122055,0.3736853865525423,0.36829703959695215
2026-01-31 18:00:00+00:00,2026-02-01 03:00:00+00:00,9,0.04310958530897813,0.03820491082453137,0.0963985497698076,0.08864460454204935,0.3736853865525423,0.36829703959695215
2026-01-31 18:00:00+00:00,2026-02-01 04:00:00+00:00,10,0.0859806641102005,0.07898899644613461,0.1346827067568936,0.12242059732594024,0.3736853865525423,0.36829703959695215
2026-01-31 18:00:00+00:00,2026-02-01 05:00:00+00:00,11,0.16557252577177592,0.14709096193704205,0.19027442813365833,0.17770837695961897,0.3736853865525423,0.36829703959695215
2026-01-31 18:00:00+00:00,2026-02-01 06:00:00+00:00,12,0.18699267894500848,0.16851261421863215,0.21493523516840385,0.19978071992887872,0.3736853865525423,0.36829703959695215
2026-01-31 18:00:00+00:00,2026-02-01 07:00:00+00:00,13,0.19578029517917578,0.17108853336642293,0.21985937259773353,0.20398562701967135,0.3736853865525423,0.36829703959695215
2026-01-31 18:00:00+00:00,2026-02-01 08:00:00+00:00,14,0.18673049883198906,0.17069260597247327,0.20301972109210656,0.1891407780691766,0.3736853865525423,0.36829703959695215
2026-01-31 18:00:00+00:00,2026-02-01 09:00:00+00:00,15,0.18684211108455118,0.17334807256017123,0.21201996842145446,0.19763020089680586,0.3736853865525423,0.36829703959695215
2026-01-31 18:00:00+00:00,2026-02-01 10:00:00+00:00,16,0.18684211108455118,0.1718842180067206,0.21032870739202808,0.19546089758870336,0.3736853865525423,0.36829703959695215
2026-01-31 18:00:00+00:00,2026-02-01 11:00:00+00:00,17,0.1678262913602657,0.1280755707271931,0.17546056823396605,0.16240480620787212,0.3736853865525423,0.36829703959695215
2026-01-31 18:00:00+00:00,2026-02-01 12:00:00+00:00,18,0.1709588712314286,0.1496023771456956,0.1894014897089792,0.17572337751218303,0.3736853865525423,0.36829703959695215
2026-01-31 18:00:00+00:00,2026-02-01 13:00:00+00:00,19,0.21285559475162608,0.18173602484260146,0.23267020374934455,0.21463099020537332,0.3736853865525423,0.36829703959695215
2026-01-31 18:00:00+00:00,2026-02-01 14:00:00+00:00,20,0.1721145961701442,0.15544533896177948,0.20300937156493687,0.1880656801103383,0.3736853865525423,0.36829703959695215
2026-01-31 18:00:00+00:00,2026-02-01 15:00:00+00:00,21,0.16375914334029368,0.15127569968075494,0.19474549608103414,0.1812172144862707,0.3736853865525423,0.36829703959695215
2026-01-31 18:00:00+00:00,2026-02-01 16:00:00+00:00,22,0.17378015936638427,0.16202905592204728,0.21157635157906643,0.1953694327748832,0.3736853865525423,0.36829703959695215
2026-01-31 18:00:00+00:00,2026-02-01 17:00:00+00:00,23,0.22333993371742816,0.17883686806853671,0.23679427641791845,0.21934368852475689,0.3736853865525423,0.36829703959695215
2026-01-31 18:00:00+00:00,2026-02-01 18:00:00+00:00,24,0.2389709697137316,0.2171949462418544,0.2655520336591409,0.2454393686663204,0.3736853865525423,0.36829703959695215
2026-01-31 18:00:00+00:00,2026-02-01 19:00:00+00:00,25,0.28976538344456026,0.24759741384219716,0.30764929422181503,0.2860382484646132,0.3736853865525423,0.36829703959695215
2026-01-31 18:00:00+00:00,2026-02-01 20:00:00+00:00,26,0.3184295967369361,0.2896811903275548,0.33729695297229956,0.3142494519239476,0.3736853865525423,0.36829703959695215
2026-01-31 18:00:00+00:00,2026-02-01 21:00:00+00:00,27,0.3403070265078869,0.3158515057204465,0.35711384048073086,0.3344393518540162,0.3736853865525423,0.36829703959695215
2026-01-31 18:00:00+00:00,2026-02-01 22:00:00+00:00,28,0.3820754828311821,0.3463641580510432,0.3904299577534354,0.36741568444822953,0.3736853865525423,0.36829703959695215
2026-01-31 18:00:00+00:00,2026-02-01 23:00:00+00:00,29,0.42554026731342265,0.3659357401924025,0.42017878803516623,0.39552614693245186,0.3736853865525423,0.36829703959695215
2026-01-31 18:00:00+00:00,2026-02-02 00:00:00+00:00,30,0.4541004822674572,0.41027272216560473,0.45444516620351044,0.42710665320025176,0.3736853865525423,0.36829703959695215
2026-01-31 18:00:00+00:00,2026-02-02 01:00:00+00:00,31,0.4332792190250289,0.39436733548193276,0.43780746503088724,0.411299837454308,0.3736853865525423,0.36829703959695215
2026-01-31 18:00:00+00:00,2026-02-02 02:00:00+00:00,32,0.4676706283802039,0.42083696879755855,0.4687594756488799,0.4396938168335952,0.3736853865525423,0.36829703959695215
2026-01-31 18:00:00+00:00,2026-02-02 03:00:00+00:00,33,0.5070421796831588,0.45690512062084176,0.5012590820366954,0.4713960508384207,0.3736853865525423,0.36829703959695215
2026-01-31 18:00:00+00:00,2026-02-02 04:00:00+00:00,34,0.5206381617247382,0.47696560364768126,0.5156694319226802,0.48619627683788696,0.3736853865525423,0.36829703959695215
2026-01-31 18:00:00+00:00,2026-02-02 05:00:00+00:00,35,0.587120111442087,0.5407775231065748,0.560524867791563,0.5304827564586801,0.3736853865525423,0.36829703959695215
2026-01-31 18:00:00+00:00,2026-02-02 06:00:00+00:00,36,0.6949200231909043,0.6530514530919511,0.6617322568163786,0.6331539085647198,0.3736853865525423,0.36829703959695215
2026-01-31 18:00:00+00:00,2026-02-02 07:00:00+00:00,37,0.7288028422277494,0.658055219603107,0.6898811550858185,0.6578648354625001,0.3736853865525423,0.36829703959695215
2026-01-31 18:00:00+00:00,2026-02-02 08:00:00+00:00,38,0.7265262051617516,0.6507993121752504,0.6845888914511445,0.6541419055829849,0.3736853865525423,0.36829703959695215
2026-01-31 18:00:00+00:00,2026-02-02 09:00:00+00:00,39,0.6549515557327455,0.6076158775507493,0.6222554843376198,0.5955427814062683,0.3736853865525423,0.36829703959695215
2026-01-31 18:00:00+00:00,2026-02-02 10:00:00+00:00,40,0.5662991832740162,0.5231439369287199,0.5438017689944638,0.5166855437290243,0.3736853865525423,0.36829703959695215
2026-01-31 18:00:00+00:00,2026-02-02 11:00:00+00:00,41,0.32195357384972556,0.2773458740532371,0.3258995135528258,0.3025506920172022,0.3736853865525423,0.36829703959695215
2026-01-31 18:00:00+00:00,2026-02-02 12:00:00+00:00,42,0.17174668339551416,0.15523322281856083,0.19359700313060768,0.17852291113576546,0.3736853865525423,0.36829703959695215
2026-01-31 18:00:00+00:00,2026-02-02 13:00:00+00:00,43,0.05134189989252508,0.03876713604291954,0.08417825756243168,0.07732395733290458,0.3736853865525423,0.36829703959695215
2026-01-31 18:00:00+00:00,2026-02-02 14:00:00+00:00,44,0.030030421671431495,0.022112968173247538,0.05646301130570974,0.0514505242002556,0.3736853865525423,0.36829703959695215
2026-01-31 18:00:00+00:00,2026-02-02 15:00:00+00:00,45,0.03207621793917326,0.02844384245112952,0.0625249570897263,0.05666613851293291,0.3736853865525423,0.36829703959695215
2026-01-31 18:00:00+00:00,2026-02-02 16:00:00+00:00,46,0.0417308812727355,0.03230633206173894,0.07453933557994187,0.06864544828758491,0.3736853865525423,0.36829703959695215
2026-01-31 18:00:00+00:00,2026-02-02 17:00:00+00:00,47,0.051660481886256215,0.046450520733766876,0.09076051142342953,0.08328207227339295,0.3736853865525423,0.36829703959695215
2026-01-31 18:00:00+00:00,2026-02-02 18:00:00+00:00,48,0.08891749372807528,0.07442489653869588,0.11800026970970824,0.10683267031942628,0.3736853865525423,0.36829703959695215
